Workbook

Sheet 投档表
B1: 山东省2025年普通类常规批第2次志愿投档情况表
A2: 代码 | B2: 专业 | C2: 院校 | D2: 投档计划数 | E2: 投档最低位次 | F2: 投档最低分数
A3: =LEFT(C3,4)&LEFT(B3,2) -> A01952 | B3: 52 城乡规划 | C3: A019中国农业大学 | D3: 1 | E3: 41446 | F3: {=INDEX(一分一段!A:A,MATCH(TRUE,(一分一段!B:B>=E3),0))} -> 581
A4: =LEFT(C4,4)&LEFT(B4,2) -> A20975 | B4: 75 广播电视编导 | C4: A209吉林艺术学院 | D4: 2 | E4: 164523 | F4: {=INDEX(一分一段!A:A,MATCH(TRUE,(一分一段!B:B>=E4),0))} -> 509
A5: =LEFT(C5,4)&LEFT(B5,2) -> A20976 | B5: 76 戏剧影视文学 | C5: A209吉林艺术学院 | D5: 2 | E5: 169985 | F5: {=INDEX(一分一段!A:A,MATCH(TRUE,(一分一段!B:B>=E5),0))} -> 507
A6: =LEFT(C6,4)&LEFT(B6,2) -> A20977 | B6: 77 艺术管理 | C6: A209吉林艺术学院 | D6: 3 | E6: 179738 | F6: {=INDEX(一分一段!A:A,MATCH(TRUE,(一分一段!B:B>=E6),0))} -> 503
A7: =LEFT(C7,4)&LEFT(B7,2) -> A21230 | B7: 30 考古学 | C7: A212黑龙江大学 | D7: 1 | E7: 49049 | F7: {=INDEX(一分一段!A:A,MATCH(TRUE,(一分一段!B:B>=E7),0))} -> 574
A8: =LEFT(C8,4)&LEFT(B8,2) -> A4050B | B8: 0B 资源勘查工程(中外高水平大学学生交流计划) | C8: A405东华理工大学 | D8: 1 | E8: 217479 | F8: {=INDEX(一分一段!A:A,MATCH(TRUE,(一分一段!B:B>=E8),0))} -> 487
A9: =LEFT(C9,4)&LEFT(B9,2) -> A4050Z | B9: 0Z 化学工程与工艺(中外高水平大学学生交流计划) | C9: A405东华理工大学 | D9: 2 | E9: 289205 | F9: {=INDEX(一分一段!A:A,MATCH(TRUE,(一分一段!B:B>=E9),0))} -> 459
A10: =LEFT(C10,4)&LEFT(B10,2) -> A446E7 | B10: E7 数学与应用数学(中外合作办学) | C10: A446曲阜师范大学 | D10: 5 | E10: 271235 | F10: {=INDEX(一分一段!A:A,MATCH(TRUE,(一分一段!B:B>=E10),0))} -> 466
A11: =LEFT(C11,4)&LEFT(B11,2) -> A52433 | B11: 33 材料类 | C11: A524中南民族大学 | D11: 1 | E11: 60944 | F11: {=INDEX(一分一段!A:A,MATCH(TRUE,(一分一段!B:B>=E11),0))} -> 564
A12: =LEFT(C12,4)&LEFT(B12,2) -> A5318D | B12: 8D 化学工程与工艺 | C12: A531吉首大学 | D12: 1 | E12: 62062 | F12: {=INDEX(一分一段!A:A,MATCH(TRUE,(一分一段!B:B>=E12),0))} -> 563
A13: =LEFT(C13,4)&LEFT(B13,2) -> A6009A | B13: 9A 康复治疗学(中澳学分互认联合培养项目) | C13: A600广西中医药大学 | D13: 2 | E13: 255223 | F13: {=INDEX(一分一段!A:A,MATCH(TRUE,(一分一段!B:B>=E13),0))} -> 472
A14: =LEFT(C14,4)&LEFT(B14,2) -> A60351 | B14: 51 思想政治教育(师范类) | C14: A603南宁师范大学 | D14: 1 | E14: 57811 | F14: {=INDEX(一分一段!A:A,MATCH(TRUE,(一分一段!B:B>=E14),0))} -> 567
... A11321: =LEFT(C11321,4)&LEFT(B11321,2) -> E731T2 | B11321: T2 网络直播与运营 | C11321: E731德阳农业科技职业学院 | D11321: 6 | E11321: 677372 | F11321: {=INDEX(一分一段!A:A,MATCH(TRUE,(一分一段!B:B>=E11321),0))} -> 182
B11322: V1 无人机应用技术 | C11322: E731德阳农业科技职业学院 | D11322: 8 | E11322: 660361
B11323: W9 物联网应用技术 | C11323: E731德阳农业科技职业学院 | D11323: 6 | E11323: 676403
B11324: 01 机械制造及自动化 | C11324: E732泸州医疗器械职业学院 | D11324: 5 | E11324: 638363
B11325: 05 医用材料与应用 | C11325: E732泸州医疗器械职业学院 | D11325: 4 | E11325: 631035
B11326: 06 医疗器械维护与管理 | C11326: E732泸州医疗器械职业学院 | D11326: 4 | E11326: 618588
B11327: 10 人工智能技术应用 | C11327: E732泸州医疗器械职业学院 | D11327: 4 | E11327: 611845
B11328: 11 移动应用开发 | C11328: E732泸州医疗器械职业学院 | D11328: 4 | E11328: 679846
B11329: 13 药学 | C11329: E732泸州医疗器械职业学院 | D11329: 4 | E11329: 599646
B11330: 14 医学检验技术 | C11330: E732泸州医疗器械职业学院 | D11330: 2 | E11330: 599268
B11331: 15 医学影像技术 | C11331: E732泸州医疗器械职业学院 | D11331: 2 | E11331: 618597
B11332: 16 口腔医学技术 | C11332: E732泸州医疗器械职业学院 | D11332: 2 | E11332: 586701
B11333: 17 放射治疗技术 | C11333: E732泸州医疗器械职业学院 | D11333: 2 | E11333: 619229
... B12162: 38 商务英语(外语语种为英语；大一泰安，大二大三青岛) | C12162: Y012山东外贸职业学院 | D12162: 100 | E12162: 444377

Sheet 一分一段
A1: 692 | B1: 54
A2: 691 | B2: 68
A3: 690 | B3: 80
A4: 689 | B4: 93
A5: 688 | B5: 106
A6: 687 | B6: 119
A7: 686 | B7: 135
A8: 685 | B8: 155
A9: 684 | B9: 181
A10: 683 | B10: 211
A11: 682 | B11: 246
A12: 681 | B12: 289
... A543: 150 | B543: 681127
